,Waist_cm,Age,GGT,Uric_Acid,TG_HDL_ratio,AST_ALT_ratio,TyG_index,HDL_BMI_ratio,NHHR
Waist_cm,1.0,0.23895747972340736,0.33413119404880093,0.3550082628199092,0.4074746127201013,-0.34817394902065907,0.4095930523667731,-0.7585065249570422,0.3283124194864484
Age,0.23895747972340736,1.0,0.12050971592245145,0.09148961682391735,0.14682375626633193,0.10012808147697125,0.30049053292988787,0.009590067732332803,-0.002996749375922512
GGT,0.33413119404880093,0.12050971592245145,1.0,0.30408339390170774,0.35893679735754214,-0.454742939473179,0.39713259315995497,-0.3162697190907908,0.29331138281787833
Uric_Acid,0.3550082628199092,0.09148961682391735,0.30408339390170774,1.0,0.29584753322200474,-0.22728682911357,0.2402900272360481,-0.36833384866247887,0.27774660762264275
TG_HDL_ratio,0.4074746127201013,0.14682375626633193,0.35893679735754214,0.29584753322200474,1.0,-0.3526900058678794,0.9094877783326413,-0.6625797248002285,0.7389291989254739
AST_ALT_ratio,-0.34817394902065907,0.10012808147697125,-0.454742939473179,-0.22728682911357,-0.3526900058678794,1.0,-0.33463737900438045,0.39796122752873414,-0.32454854790776216
TyG_index,0.4095930523667731,0.30049053292988787,0.39713259315995497,0.2402900272360481,0.9094877783326413,-0.33463737900438045,1.0,-0.49842193380596006,0.5952323396338266
HDL_BMI_ratio,-0.7585065249570422,0.009590067732332803,-0.3162697190907908,-0.36833384866247887,-0.6625797248002285,0.39796122752873414,-0.49842193380596006,1.0,-0.6131058173671391
NHHR,0.3283124194864484,-0.002996749375922512,0.29331138281787833,0.27774660762264275,0.7389291989254739,-0.32454854790776216,0.5952323396338266,-0.6131058173671391,1.0
